mot_cle,lien
je veux créer une entreprise,https://www.reddit.com/r/entrepreneur/comments/exemple1
je veux créer une entreprise,https://www.forum-auto-entrepreneur.fr/exemple1
comment créer une société,https://www.reddit.com/r/france/comments/exemple2
comment créer une société,https://www.legalstart.fr/fiches-pratiques/creation-entreprise/
ouvrir une sasu,https://www.legalplace.fr/guides/ouvrir-une-sasu/
ouvrir une sasu,https://www.captaincontrat.com/creation-entreprise/sasu
devenir auto entrepreneur,https://www.economie.gouv.fr/entreprises/auto-entrepreneur
devenir auto entrepreneur,https://www.forum-auto-entrepreneur.fr/exemple2
créer une micro entreprise,https://www.portail-autoentrepreneur.fr/academie/statut-auto-entrepreneur
créer une micro entreprise,https://www.reddit.com/r/vosfinances/comments/exemple3
